{
	"class_name" : "PinholeCameraParameters",
	"extrinsic" : 
	[
		0.97623812646191621,
		0.10774567578700511,
		0.18801592962121422,
		0.0,
		-0.094067858515118674,
		-0.57091497481429732,
		0.81560243349757733,
		0.0,
		0.19521874509510456,
		-0.81390844748165136,
		-0.54721356039621383,
		0.0,
		-91.953067328476791,
		-6.6515113846413811,
		207.73417797624705,
		1.0
	],
	"intrinsic" : 
	{
		"height" : 1080,
		"intrinsic_matrix" : 
		[
			935.30743608719376,
			0.0,
			0.0,
			0.0,
			935.30743608719376,
			0.0,
			959.5,
			539.5,
			1.0
		],
		"width" : 1920
	},
	"version_major" : 1,
	"version_minor" : 0
}