{
	"class_name" : "PinholeCameraParameters",
	"extrinsic" : 
	[
		-0.018485947764150929,
		-0.25838538610350431,
		0.96586503300585647,
		0.0,
		-0.99469196140256311,
		-0.09304877115341223,
		-0.043929808876912071,
		0.0,
		0.10122337504935895,
		-0.96155026828293444,
		-0.25529377177799284,
		0.0,
		-3.126773738207107,
		18.099664420573937,
		30.19981599669018,
		1.0
	],
	"intrinsic" : 
	{
		"height" : 1080,
		"intrinsic_matrix" : 
		[
			935.30743608719376,
			0.0,
			0.0,
			0.0,
			935.30743608719376,
			0.0,
			959.5,
			539.5,
			1.0
		],
		"width" : 1920
	},
	"version_major" : 1,
	"version_minor" : 0
}